function_name,entry_point_exists,size_bytes,line_count,frontend_invoker_callsites,internal_callers,shared_imports
admin-payout-approve,true,3046,88,1,0,3
admin-payout-reject,true,2866,83,1,0,3
admin-router,true,2864,91,0,0,2
admin-trigger,true,3435,99,1,0,2
ai-assistant,true,11172,267,4,1,6
ai-content-enrichment,true,16576,378,0,0,5
ai-entity-enrichment,true,7179,170,0,0,3
ai-eval-runner,true,7336,187,0,0,4
ai-proxy,true,10492,311,0,0,8
ai-rag,true,11180,279,0,0,7
ai-recommendations,true,8242,212,0,0,5
ai-router,true,4428,113,0,0,3
ai-shopping-chat,true,2520,66,1,0,3
ai-web-search,true,12116,334,0,0,4
alert-dispatcher,true,9295,279,0,7,4
audit-export,true,10582,296,0,0,3
auth-callback,true,2485,78,0,0,0
autonomous-cron-dispatcher,true,11963,277,0,0,2
auto-onboarding-cron,true,5621,154,0,0,3
auto-source-scrape,true,10175,264,0,1,2
award-loyalty-points,true,5278,161,0,1,5
aws-health-check,true,5637,180,2,0,4
backup-storage,true,5982,175,0,0,3
booking-approve,true,4070,108,1,0,4
booking-complete,true,5399,137,1,0,3
booking-create,true,7006,182,1,0,3
booking-lifecycle,true,8678,200,0,0,2
booking-reject,true,4260,111,1,0,3
booking-router,true,1828,61,0,0,2
browser-user-repair-engine,true,39907,732,0,0,2
cache-manager,true,10924,302,1,0,4
capture-payment-intent,true,5557,146,2,0,3
check-connect-status,true,3966,107,2,0,3
check-subscription,true,7646,192,3,0,3
chief-agent,true,26058,684,0,0,3
classify-business,true,6730,182,0,0,3
cleanup-expired-media,true,4805,123,0,0,3
cleanup-expired-messages,true,2492,61,0,0,3
cleanup-integration-health-logs,true,2574,85,0,0,3
cleanup-orphan-media,true,3511,108,0,0,4
collect-sepa-rents,true,7829,217,0,0,3
command-approval-webhook,true,22503,419,0,1,3
command-center-api,true,13972,495,0,1,3
command-email-intake,true,7276,159,0,0,4
command-email-parse,true,3688,95,1,0,2
command-github-webhook,true,11030,248,0,0,1
command-monitoring-cron,true,25181,630,0,0,2
commerce-router,true,9197,278,0,0,7
commission-split,true,5447,146,1,0,2
create-booking-payment,true,9361,242,4,1,3
create-checkout,true,4735,123,2,0,3
create-checkout-session,true,5484,144,2,0,3
create-concierge-payment,true,6684,170,4,0,3
create-connect-account,true,4978,133,3,0,3
create-guest-checkout,true,4645,120,1,0,3
create-legal-notice-payment,true,3671,89,1,0,3
create-listing-checkout,true,6476,180,2,0,3
create-storefront-checkout,true,8252,225,1,0,3
create-stripe-intent,true,5263,141,1,0,4
create-subscription,true,4428,115,1,0,4
create-wallet-topup,true,5152,140,2,0,3
crypto-payment,true,7607,197,2,0,4
crypto-webhook,true,7340,214,0,0,1
csp-report,true,1633,48,0,0,1
customer-portal,true,3306,77,1,0,3
deep-scrape-build,true,34170,813,1,0,2
deliveroo-dubai-food,true,15810,327,0,1,5
dev-builder,true,9667,254,0,0,13
dev-planner,true,7798,233,0,0,3
disconnect-stripe,true,3512,93,2,0,3
dispatch-cron,true,6133,174,0,0,2
dispatch-delivery,true,21570,520,10,0,3
dispatch-ride,true,22248,568,4,0,3
dispatch-webhook,true,5239,147,0,0,2
dld-analytics,true,26295,634,2,0,4
dld-sync-cron,true,7349,224,0,0,5
dlq-ingest,true,3502,95,1,0,3
dlq-processor,true,10526,283,0,0,4
email-enqueue,true,3228,89,0,0,4
email-queue-process,true,4889,149,0,1,3
engine-cron-server,true,94367,1699,1,0,5
esign-create-envelope,true,8125,253,4,0,3
esign-webhook,true,4135,126,0,0,0
execution-loop,true,49498,1212,0,0,26
execution-runner-callback,true,12971,331,0,0,1
expire-listings,true,4943,145,0,0,2
expire-pending-referrals,true,8042,210,0,0,4
export-ical,true,3968,109,0,0,3
extract-article,true,26604,857,0,0,8
food-audit,true,4303,100,0,0,3
food-menu-builder,true,5218,131,0,0,3
food-normalizer,true,4548,108,0,0,3
food-publish,true,3190,74,0,0,3
food-rescrape-monitor,true,3277,79,0,0,3
food-router,true,1865,61,0,0,2
food-visibility-gate,true,8373,175,0,0,4
food-visual-clean,true,4568,112,0,0,3
fx-rates,true,7789,210,1,1,2
gateway-cron-sync,true,11027,270,1,0,1
gateway-marketplace-sync,true,7862,229,6,1,1
gateway-webhook-ingest,true,5259,171,0,0,0
gdpr-delete-account,true,7827,194,0,0,3
gdpr-deletion-processor,true,5533,139,0,0,3
gdpr-export,true,8755,241,0,0,3
gdpr-router,true,706,21,0,0,2
generate-cv,true,4692,100,1,0,3
generate-embeddings,true,6866,205,0,0,4
generate-pdf,true,7299,202,1,0,2
generate-rent-receipt,true,10856,289,0,1,2
generate-seo,true,7834,192,0,0,4
get-turn-credentials,true,7408,221,4,0,3
goal-create,true,4464,142,0,0,1
goal-planner,true,14039,412,0,1,2
guest-session,true,18723,485,0,0,3
health-check,true,9566,269,1,2,6
identity-router,true,8358,244,0,0,5
infra-router,true,5999,196,0,0,2
inngest-handler,true,7484,210,0,0,4
integration-health-cron,true,4802,121,0,0,6
integration-health-monitor,true,7239,207,0,0,7
job-queue-worker,true,21306,615,0,0,6
job-runner,true,7028,224,0,0,5
kyc-review,true,8391,268,1,0,2
lambda-invoke-proxy,true,2446,67,0,0,4
lc3-replan-trigger,true,2128,64,0,0,3
lease-workflow,true,16484,379,2,0,2
livekit-room-token,true,4064,131,4,0,4
logistics-router,true,884,26,0,0,2
manage-subscription,true,6977,186,1,0,4
marketplace-router,true,14682,412,2,0,7
master-runtime-qa-engine,true,23692,364,0,1,2
media-processor,true,9480,281,0,0,7
media-router,true,3667,107,0,0,3
mobile-money-payment,true,7679,196,2,0,4
mobile-money-webhook,true,5286,154,0,0,1
mux-upload,true,3576,107,0,0,3
notification-dispatcher,true,15193,415,1,7,4
notification-router,true,2334,76,0,0,2
notify-booking,true,29810,542,1,0,2
omega-server-loop,true,10935,367,0,0,3
ops-ai-chat,true,3677,91,0,0,3
orbit-ai-support,true,10067,304,1,0,1
orbit-payment,true,22926,591,2,1,3
orbit-router,true,9547,273,0,0,4
order-manage,true,6022,163,0,0,4
payment-notification,true,3901,116,0,0,2
payout-request-create,true,2974,83,1,0,3
pipeline-worker,true,35620,893,0,0,4
plaid-link-token,true,9708,288,6,0,4
plaid-webhook,true,16525,560,0,1,2
platform-recovery,true,13429,332,1,0,2
prayer-push-cron,true,3597,103,0,0,4
prayer-times,true,4917,154,0,0,3
presence-heartbeat,true,6916,213,11,0,5
process-onboarding-media,true,9749,246,1,0,3
process-referral-reward,true,7550,196,0,1,4
process-refund,true,7051,191,3,0,3
public-api,true,8457,224,0,0,2
public-health,true,6466,166,0,0,3
purchase-locs,true,4989,129,0,0,3
qr-payment-session,true,9472,239,0,0,3
receive-email,true,13967,314,0,0,5
redis-enqueue,true,3288,106,0,0,5
redis-proxy,true,5399,157,7,0,4
refund-admin,true,18261,511,4,0,4
refund-process-booking,true,3656,99,1,0,3
refund-request-booking,true,3385,94,1,0,3
rent-create-payment,true,3505,100,0,0,3
rent-lifecycle-cron,true,13779,368,0,0,2
rent-payment,true,10576,269,4,0,3
rent-reminders,true,16736,314,0,0,2
rent-router,true,1607,51,0,0,2
repair-worker,true,11560,278,0,0,2
reveal-contact,true,6377,189,1,0,3
rss-proxy,true,7180,232,0,0,2
run-engine-cron,true,75280,1560,0,0,3
run-ingestion-pipeline,true,13895,318,1,1,2
run-scheduled-audit,true,9602,239,1,0,2
runtime-control-plane,true,12442,327,1,0,3
s3-upload-proxy,true,4287,135,7,0,4
scrape-proxy,true,4460,110,1,0,2
search-global,true,17340,630,2,0,5
search-meilisearch,true,4083,115,0,0,5
search-router,true,1345,41,0,0,2
seller-kpi-snapshot,true,3446,81,0,0,2
send-call-push,true,5414,152,0,0,4
send-email,true,10801,283,17,4,4
send-notification-email,true,49111,616,3,3,5
send-otp,true,9169,278,4,0,2
send-push,true,2286,58,0,0,2
send-push-notification,true,8354,244,3,1,4
send-sms,true,4950,143,0,1,4
sentinel-server,true,8007,202,0,1,4
sentinel-server-guards,true,20987,732,0,0,3
ses-webhook,true,11038,326,0,0,1
_shared,false,0,0,0,0,0
shop-import-processor,true,7663,193,0,1,3
social-preview,true,38215,912,0,0,3
spatial-query,true,6039,165,3,0,2
sqs-enqueue-proxy,true,2578,74,0,0,4
storefront-description,true,8945,227,1,0,3
stripe-connect-login,true,4287,107,1,0,3
stripe-router,true,2956,91,0,0,2
stripe-webhook,true,69002,1763,0,0,2
submit-review,true,7529,212,1,0,5
subscription-portal,true,3156,76,1,0,4
sync-ical,true,7550,225,3,0,3
sync-meilisearch,true,6555,205,0,0,4
sync-meilisearch-cron,true,13616,426,1,0,5
system-router,true,16190,449,4,0,8
tenant-signup,true,4947,135,2,0,4
translate-message,true,8458,189,4,1,3
trigger-github,true,5916,176,0,0,1
tts-engine,true,3362,96,0,0,5
uae-data-cleanup,true,6224,157,0,0,2
uae-scrape-onboard,true,23833,602,1,0,3
vector-embed,true,5433,153,0,0,3
vector-similarity-search,true,1971,44,1,0,2
verify-guest-payment,true,3739,95,1,0,3
verify-otp,true,7668,209,1,0,3
video-processor,true,7916,253,0,0,5
voice-processing,true,4065,108,0,0,5
voice-router,true,2114,61,0,0,3
voice-stt-token,true,2979,94,0,0,1
voice-tts,true,3401,107,0,0,1
wallet-ops,true,14087,314,1,1,4
wallet-pin,true,26180,649,3,1,5
wallet-router,true,9024,288,0,0,5
wallet-transfer,true,24845,615,2,0,5
watchdog-ping,true,11499,322,0,0,3
webauthn-authentication-challenge,true,2879,78,1,0,4
webauthn-authentication-verify,true,6899,197,1,0,4
webauthn-begin-registration,true,3430,82,1,0,3
webauthn-finish-registration,true,5851,131,1,0,3
webauthn-login-challenge,true,3678,110,1,0,3
webauthn-login-verify,true,7111,208,1,0,3
webauthn-registration-challenge,true,3244,94,1,0,4
webauthn-registration-verify,true,5647,158,1,0,4
webauthn-router,true,1572,46,0,0,2
