rpc_name,callsite_count,callers
accept_collaboration_invitation,0,""
accept_ride_offer,0,""
accept_tenant_invitation,0,""
add_workspace_member,0,""
admin_check_prayer_cron_health,0,""
aggregate_storefront_analytics_daily,0,""
ai_quota_increment,0,""
_all_columns_exist,0,""
append_sent_prayer,0,""
atomic_pin_fail_increment,2,"supabase/functions/wallet-pin/index.ts:318|supabase/functions/wallet-pin/index.ts:424"
atomic_pin_success_reset,1,"supabase/functions/wallet-pin/index.ts:416"
atomic_rate_limit_increment,2,"supabase/functions/_shared/server-rate-limiter.ts:243|supabase/functions/_shared/server-rate-limiter.ts:287"
atomic_wallet_transfer,0,""
atomic_wallet_transfer_fx,0,""
audit_deal_status_change,0,""
audit_listing_change,0,""
audit_message_deletion,0,""
audit_table_change,0,""
audit_trigger_fn,0,""
auto_confirm_deal_on_concierge_payment,0,""
auto_confirm_deal_on_payment,0,""
auto_create_deal_room_on_booking,0,""
auto_create_deal_room_on_inquiry,0,""
auto_create_delivery_on_order_complete,0,""
auto_create_delivery_on_paid,0,""
auto_create_order_on_deal_accepted,0,""
auto_create_wallet_limits,0,""
auto_dispatch_delivery_job,0,""
auto_expire_deal_offers,0,""
autoflow_catalog_seo,0,""
autoflow_deal_to_order,0,""
autoflow_deduct_stock,0,""
autoflow_delivery_completed,0,""
autoflow_order_notification,0,""
autoflow_order_paid_dispatch,0,""
auto_generate_receipt,0,""
auto_review_request_on_delivery,0,""
auto_route_document,0,""
backfill_referral_clicks_channel,0,""
can_view_sensitive_pii,0,""
capture_slow_queries,1,"supabase/functions/system-router/index.ts:335"
categories_search_vector_update,0,""
check_cron_dispatch_health,0,""
check_inquiry_quota,0,""
check_prayer_cron_health,0,""
check_queue_dedup,3,"supabase/functions/job-queue-worker/index.ts:245|supabase/functions/job-queue-worker/index.ts:409|supabase/functions/runtime-control-plane/index.ts:279"
check_reveal_quota,0,""
check_service_availability,0,""
claim_pending_jobs,1,"supabase/functions/job-runner/index.ts:112"
claim_prayer_send,0,""
cleanup_expired_cache,1,"supabase/functions/cache-manager/index.ts:253"
cleanup_expired_messages,2,"supabase/functions/cleanup-expired-media/index.ts:90|supabase/functions/cleanup-expired-messages/index.ts:40"
cleanup_expired_nonces,1,"supabase/functions/cleanup-expired-media/index.ts:96"
cleanup_expired_rate_limits,0,""
cleanup_old_config_snapshots,1,"supabase/functions/backup-storage/index.ts:119"
cleanup_old_edge_metrics,0,""
cleanup_old_prayer_push_schedules,0,""
cleanup_old_server_events,0,""
cleanup_old_slow_query_logs,0,""
cleanup_old_uptime_logs,0,""
compute_product_quality_scores,0,""
compute_trust_score,0,""
_content_enrichments_touch,0,""
cp_search_text_trigger,0,""
cp_zone_key_trigger,0,""
create_api_key,0,""
create_call_idempotent,0,""
create_hotel_booking,0,""
create_recon_alert_on_mismatch,0,""
create_storefront_order_atomic,0,""
decline_envelope_party,0,""
decrement_referral_use_count,0,""
decrement_variant_stock,0,""
embedding_coverage_report,0,""
emit_server_event,8,"supabase/functions/command-center-api/index.ts:241|supabase/functions/command-center-api/index.ts:299|supabase/functions/command-center-api/index.ts:345|supabase/functions/omega-server-loop/index.ts:281|supabase/functions/sentinel-server-guards/index.ts:277|supabase/functions/sentinel-server-guards/index.ts:578|supabase/functions/sentinel-server-guards/index.ts:652|supabase/functions/watchdog-ping/index.ts:223"
enqueue_job,0,""
ensure_wallet_account,1,"src/domains/wallet/adapters/supabase.adapter.ts:29"
execute_scheduled_deletions,0,""
fetch_and_lock_job,0,""
find_orphan_media,1,"supabase/functions/cleanup-orphan-media/index.ts:40"
find_similar_listings,0,""
find_similar_products,0,""
find_similar_services,0,""
fn_audit_wallet_transaction,0,""
fn_block_audit_trail_mutation,0,""
gateway_cleanup_old_events,0,""
generate_invoice_number,0,""
generate_marketplace_booking_slug,0,""
generate_real_estate_slug,0,""
generate_referral_code,0,""
generate_rma_code,0,""
generate_storefront_slug,0,""
generate_wallet_crypto_id,0,""
generate_wallet_reference_code,0,""
geocode_city_approx,0,""
get_display_profile,0,""
get_listing_property,0,""
get_order_by_session,0,""
get_org_role,0,""
get_ota_connections,0,""
get_owner_bank_for_tenant,0,""
get_owner_profile_for_tenant,0,""
get_provider_reviews,0,""
get_public_listing_properties,0,""
get_public_listings,0,""
get_public_marketplace_providers,0,""
get_public_marketplace_services,0,""
get_public_real_estate_listing,0,""
get_public_real_estate_listings,0,""
get_public_seed_merchants,0,""
get_public_service_availability,0,""
get_public_storefronts,0,""
get_published_reviews,0,""
get_real_estate_showcase,0,""
get_safe_org,0,""
get_safe_owner_financials,0,""
get_safe_owner_profile,0,""
get_safe_tenant_contact,0,""
get_safe_tenants,0,""
get_smart_picks,0,""
get_top_rated_shops,0,""
get_trending_shops,0,""
get_user_org_id,0,""
get_user_role,0,""
get_user_wallet_summary,0,""
get_wallet_ledger_summary,0,""
get_wallet_summary,0,""
handle_new_user,0,""
handle_new_user_orbit,0,""
handle_updated_at,0,""
has_min_org_role,0,""
has_min_role,0,""
has_role,2,"src/lib/auth-redirect.ts:12|supabase/functions/chief-agent/index.ts:84"
has_workspace_role,0,""
hybrid_search_listings,0,""
increment_coupon_usage,0,""
increment_listing_renewal_count,2,"supabase/functions/expire-listings/index.ts:65|supabase/functions/stripe-webhook/index.ts:1350"
increment_listing_views,0,""
increment_popularity,0,""
increment_search_count,0,""
insert_into_dlq,7,"supabase/functions/autonomous-cron-dispatcher/index.ts:159|supabase/functions/job-queue-worker/index.ts:184|supabase/functions/job-queue-worker/index.ts:297|supabase/functions/job-queue-worker/index.ts:346|supabase/functions/job-queue-worker/index.ts:459|supabase/functions/job-queue-worker/index.ts:514|supabase/functions/orbit-payment/index.ts:263"
is_admin,0,""
is_group_admin,0,""
is_group_member,0,""
is_merchant_owner,0,""
is_org_member,0,""
is_workspace_admin_direct,0,""
is_workspace_member,0,""
is_workspace_member_direct,0,""
log_cron_finish,0,""
log_cron_start,0,""
lookup_orbit_profile,0,""
mark_call_as_missed_v2,0,""
mark_listing_embedding_stale,0,""
mark_prayer_failed,0,""
mark_prayer_sent,0,""
mark_product_embedding_stale,0,""
mark_service_embedding_stale,0,""
mask_email,0,""
mask_iban,0,""
mask_phone,0,""
match_embeddings,0,""
monitored_backfill_embeddings_cron,0,""
monitored_cleanup_article_content_cache,0,""
monitored_cleanup_expired_cache,0,""
monitored_cleanup_old_uptime_logs,0,""
monitored_cleanup_rate_limits,0,""
monitored_cleanup_server_events,0,""
monitored_http_dispatch,0,""
monitored_integration_health_cron,0,""
monitored_prayer_push_cron,0,""
monitored_prune_completed_jobs,0,""
monitored_prune_cron_logs,0,""
monitored_prune_integration_health_log,0,""
notify_concierge_order,0,""
notify_cron_failure,0,""
notify_delivery_status_change,0,""
notify_event,0,""
notify_inventory_completed,0,""
notify_listing_event,0,""
notify_low_stock,0,""
notify_marketplace_booking,0,""
notify_payment_received,0,""
notify_real_estate_lead,0,""
notify_review_request,0,""
notify_search_sync,0,""
notify_storefront_order,0,""
notify_storefront_return,0,""
on_lease_fully_signed,0,""
purchase_boost,0,""
purge_expired_sessions,0,""
purge_old_login_events,0,""
push_on_booking_status_change,0,""
push_on_message_received,0,""
push_on_order_status_change,0,""
push_on_service_degraded,0,""
push_on_wallet_transaction,0,""
qr_confirm_security_action,0,""
queue_search_sync,0,""
rebuild_product_search_index,0,""
reconcile_cron_responses,0,""
reconcile_prayer_push_responses,0,""
record_anomaly_window,1,"supabase/functions/runtime-control-plane/index.ts:205"
record_circuit_breaker_failure,1,"supabase/functions/sentinel-server-guards/index.ts:676"
record_circuit_breaker_success,2,"supabase/functions/command-center-api/index.ts:331|supabase/functions/sentinel-server-guards/index.ts:612"
record_db_observability,5,"supabase/functions/dlq-processor/index.ts:256|supabase/functions/job-queue-worker/index.ts:329|supabase/functions/job-queue-worker/index.ts:494|supabase/functions/job-queue-worker/index.ts:584|supabase/functions/runtime-control-plane/index.ts:243"
record_state_machine_checkpoint,0,""
reserve_hotel_dates,0,""
resolve_short_link,0,""
ride_complete,0,""
ride_confirm_pickup,0,""
ride_mark_arrived,0,""
role_level,0,""
search_available_rooms,0,""
search_categories_fts,0,""
search_global_products_v2,0,""
search_nearby_items,0,""
search_nearby_shops,0,""
search_products_fts,0,""
search_profiles_fts,0,""
search_properties_fts,0,""
search_services_fts,0,""
search_shops_fts,0,""
seed_products_search_vector_update,0,""
semantic_search,0,""
set_agent_tasks_updated_at,0,""
set_domain_degradation,1,"supabase/functions/runtime-control-plane/index.ts:267"
set_listing_expiry,0,""
set_unified_wallet_tx_updated_at,0,""
set_updated_at,0,""
set_wallet_balances_v2_updated_at,0,""
sign_envelope_party,0,""
storefront_search_vector_update,0,""
suggest_onboarding_template,0,""
toggle_kill_switch_server,1,"supabase/functions/runtime-control-plane/index.ts:256"
transfer_locs,1,"supabase/functions/orbit-payment/index.ts:249"
trg_abandoned_cart_detect,0,""
trg_auction_bid_update,0,""
trg_auto_confirm_paid_order,0,""
trg_auto_invoice_on_complete,0,""
trg_auto_notify_order,0,""
trg_auto_process_return,0,""
trg_award_loyalty_points,0,""
trg_bnpl_plans_insert,0,""
trg_bnpl_plans_update,0,""
trg_crm_detect_inactive,0,""
trg_crm_inactive_reactivation,0,""
trg_crm_upsert_on_order,0,""
trg_loyalty_alert_notification,0,""
trg_notify_new_return,0,""
trg_notify_on_review,0,""
trg_recompute_trust_on_order,0,""
trg_recompute_trust_on_review,0,""
trg_rent_call_paid_handler,0,""
trg_reorder_suggestion,0,""
trg_risk_check_order,0,""
trg_signature_envelopes_insert,0,""
trg_signature_envelopes_update,0,""
trg_storefront_loyalty_on_complete,0,""
trg_storefront_stock_on_order,0,""
trg_track_growth_metrics,0,""
trg_validate_marketplace_listing,0,""
trg_vendor_commission_on_complete,0,""
try_claim_dispatch_lock,0,""
update_agent_heartbeat,2,"supabase/functions/omega-server-loop/index.ts:85|supabase/functions/sentinel-server-guards/index.ts:547"
update_autonomy_status,13,"supabase/functions/alert-dispatcher/index.ts:133|supabase/functions/alert-dispatcher/index.ts:260|supabase/functions/autonomous-cron-dispatcher/index.ts:209|supabase/functions/backup-storage/index.ts:137|supabase/functions/cache-manager/index.ts:257|supabase/functions/dlq-processor/index.ts:248|supabase/functions/job-queue-worker/index.ts:569|supabase/functions/notification-dispatcher/index.ts:372|supabase/functions/send-push-notification/index.ts:225|supabase/functions/send-sms/index.ts:125|supabase/functions/sentinel-server/index.ts:183|supabase/functions/watchdog-ping/index.ts:252|supabase/functions/watchdog-ping/index.ts:299"
update_catalog_searchable_text,0,""
update_listing_freshness_scores,1,"supabase/functions/expire-listings/index.ts:125"
update_listing_search_vector,0,""
update_loyalty_tier,0,""
update_provider_review_stats,0,""
update_social_comments_count,0,""
update_social_likes_count,0,""
update_updated_at,0,""
update_wallet_balance,0,""
upsert_dashboard_card,1,"supabase/functions/runtime-control-plane/index.ts:228"
upsert_media_asset,0,""
validate_review_rating,0,""
validate_tenant_invitation,0,""
wallet_authorize,0,""
wallet_reverse,0,""
wallet_settle,0,""
wallet_transfer,0,""
